"","Group","Lymphocyte_count"
"Sample_1","Disease",0.130978917185631
"Sample_2","Disease",0.327083916600691
"Sample_3","Disease",0.500720828581751
"Sample_4","Disease",0.895697214331949
"Sample_5","Disease",-0.0822511713943095
"Sample_6","Control",-0.488684205671231
"Sample_7","Control",-0.572143096751853
"Sample_8","Control",-0.538418020786446
"Sample_9","Control",1.06721523398508
"Sample_10","Control",1.28606324687955
